pnr,name,abteilung
1,Karadzas,Home
2,Garshore,Toys
3,Howsin,Games
4,Alwell,Toys
5,MacGraith,Books
6,Frangleton,Automotive
7,Graalmans,Movies
8,Sharphouse,Outdoors
9,Piscopello,Garden
10,Findlow,Clothing
11,Evesque,Automotive
12,Fackney,Toys
13,Tewelson,Movies
14,Hulstrom,Kids
15,Brazer,Automotive
16,Peplay,Health
17,Binding,Industrial
18,Jenkerson,Automotive
19,Reek,Industrial
20,Bernardotte,Books
21,Woodgate,Shoes
22,Candelin,Health
23,Petrashkov,Games
24,Coursor,Electronics
25,Olczyk,Electronics
26,Crossingham,Industrial
27,Breed,Sports
28,Cressy,Tools
29,Dundon,Clothing
30,Caulwell,Music
31,Eason,Sports
32,Monteith,Beauty
33,Goroni,Computers
34,Besant,Books
35,Eve,Home
36,Krolik,Sports
37,Wynch,Electronics
38,Le Barre,Automotive
39,Synder,Movies
40,Cuxon,Sports
41,McNevin,Books
42,Beamiss,Automotive
43,Enriquez,Health
44,Giuroni,Automotive
45,Likely,Kids
46,Keeping,Industrial
47,Beernaert,Home
48,Van Hesteren,Games
49,Matthius,Health
50,Kwietek,Clothing
51,Boyse,Beauty
52,Brosnan,Home
53,Bartosik,Sports
54,Muskett,Movies
55,Glidden,Beauty
56,Hansman,Electronics
57,Mogford,Grocery
58,Ormshaw,Health
59,MacKimm,Clothing
60,Pinsent,Home
61,McChesney,Tools
62,Braiden,Kids
63,Lunn,Health
64,Sneesbie,Computers
65,Gobert,Electronics
66,Butten,Clothing
67,Glowinski,Clothing
68,Salzberg,Outdoors
69,Fratczak,Jewelry
70,Salle,Automotive
71,Blaszkiewicz,Tools
72,Karolovsky,Movies
73,Choppen,Sports
74,Ripper,Kids
75,Andrusov,Beauty
76,De Mitris,Shoes
77,Dyers,Grocery
78,Seldner,Grocery
79,Kenen,Kids
80,Overstall,Jewelry
81,Mungan,Home
82,Fish,Kids
83,Caine,Music
84,Pickover,Music
85,Kingzeth,Sports
86,Risen,Computers
87,Elliot,Sports
88,Iannini,Kids
89,MacColgan,Shoes
90,Dubery,Home
91,Moors,Home
92,Sheeran,Computers
93,Shadrach,Toys
94,Haddleton,Baby
95,Varndall,Sports
96,Travers,Baby
97,Pound,Grocery
98,Santorini,Outdoors
99,Cropton,Beauty
100,Prantoni,Electronics
101,MacKniely,Clothing
102,Lemerie,Tools
103,Pinnell,Electronics
104,Geekin,Music
105,Inett,Computers
106,Wroe,Beauty
107,Ingliby,Music
108,Weall,Beauty
109,Byron,Toys
110,Espley,Grocery
111,Petr,Jewelry
112,Keirl,Industrial
113,Knightly,Jewelry
114,Kitching,Shoes
115,Vaun,Computers
116,Di Roberto,Sports
117,Ferry,Industrial
118,Coward,Outdoors
119,Bristo,Sports
120,Pinnegar,Health
121,Kondratenya,Tools
122,Linkleter,Games
123,Cowthart,Automotive
124,Thornham,Jewelry
125,Burness,Clothing
126,McMurthy,Beauty
127,Lawrenceson,Automotive
128,Beaumont,Toys
129,Lyngsted,Clothing
130,Fortnam,Garden
131,Bambury,Computers
132,Suttling,Home
133,Buggs,Computers
134,Clowton,Health
135,Stroband,Automotive
136,Cockroft,Tools
137,Poulson,Garden
138,Hall-Gough,Kids
139,Pothbury,Outdoors
140,Laba,Baby
141,Gregor,Music
142,Dillinton,Electronics
143,Eastby,Music
144,Catterson,Automotive
145,Adamovsky,Movies
146,Eastmead,Outdoors
147,Alexandrou,Shoes
148,Penticoot,Jewelry
149,Reith,Home
150,Staniforth,Clothing
151,Caughtry,Tools
152,Gritten,Home
153,Toderbrugge,Garden
154,Hrinchishin,Automotive
155,Kenford,Automotive
156,Jerdan,Beauty
157,Zohrer,Grocery
158,Sizland,Health
159,Foggo,Games
160,Pinock,Home
161,Jeanes,Sports
162,Oxnam,Kids
163,Gerrey,Automotive
164,McAneny,Garden
165,Simanek,Games
166,Benedicto,Clothing
167,Megarrell,Toys
168,Crickett,Tools
169,Gearing,Computers
170,Hunton,Games
171,Giovani,Industrial
172,Danis,Industrial
173,Cristobal,Kids
174,Watterson,Shoes
175,Grove,Jewelry
176,Draude,Music
177,Impleton,Automotive
178,Langer,Jewelry
179,Costin,Automotive
180,Gerish,Automotive
181,Sangra,Electronics
182,Pittel,Toys
183,Dutton,Music
184,Flowith,Computers
185,Bartle,Jewelry
186,Vonasek,Tools
187,Gouge,Health
188,Laugier,Computers
189,Blazej,Beauty
190,Castille,Beauty
191,Abdy,Jewelry
192,Ancliff,Beauty
193,Extence,Health
194,Spyer,Outdoors
195,Costellow,Outdoors
196,Brandsma,Kids
197,Skatcher,Jewelry
198,Tetley,Baby
199,Berrie,Music
200,Algore,Outdoors
